type,name,summary,author,source_url,repo_url,license,popularity,tags,runtime_or_install,risk_notes,review_status,source_registry,last_checked
mcp,chrome-devtools-mcp,Chrome DevTools for coding agents,ChromeDevTools,https://github.com/topics/mcp-server,https://github.com/ChromeDevTools/chrome-devtools-mcp,Apache-2.0,GitHub stars 38268; forks 2392; watchers 38268; updated 2026-05-06,browser;chrome;chrome-devtools;debugging;devtools;puppeteer;TypeScript,Node.js/npm package; inspect README for npx/npm install command,"metadata + repository-surface review; verify README, package provenance, secrets/OAuth scopes, network/file-system access, and maintenance before publishing",candidate,GitHub topic/search + repository metadata,2026-05-06
mcp,playwright-mcp,Playwright MCP server,microsoft,https://github.com/topics/mcp-server,https://github.com/microsoft/playwright-mcp,Apache-2.0,GitHub stars 32085; forks 2631; watchers 32085; updated 2026-05-06,playwright;TypeScript,Node.js/npm package; inspect README for npx/npm install command,"metadata + repository-surface review; verify README, package provenance, secrets/OAuth scopes, network/file-system access, and maintenance before publishing",candidate,GitHub topic/search + repository metadata,2026-05-06
mcp,github-mcp-server,GitHub's official MCP Server,github,https://github.com/topics/mcp-server,https://github.com/github/github-mcp-server,MIT,GitHub stars 29545; forks 4120; watchers 29545; updated 2026-05-06,github;Go,Go module; inspect README for go install/build command,"metadata + repository-surface review; verify README, package provenance, secrets/OAuth scopes, network/file-system access, and maintenance before publishing",candidate,GitHub topic/search + repository metadata,2026-05-06
mcp,n8n-mcp,A MCP for Claude Desktop / Claude Code / Windsurf / Cursor to build n8n workflows for you,czlonkowski,https://github.com/topics/mcp-server,https://github.com/czlonkowski/n8n-mcp,MIT,GitHub stars 20142; forks 3292; watchers 20142; updated 2026-05-06,n8n;workflows;TypeScript,Node.js/npm package; inspect README for npx/npm install command,"metadata + repository-surface review; verify README, package provenance, secrets/OAuth scopes, network/file-system access, and maintenance before publishing",candidate,GitHub topic/search + repository metadata,2026-05-06
mcp,mcp-toolbox,MCP Toolbox for Databases is an open source MCP server for databases.,googleapis,https://github.com/topics/mcp-server,https://github.com/googleapis/mcp-toolbox,Apache-2.0,GitHub stars 14981; forks 1508; watchers 14981; updated 2026-05-06,agent;agents;ai;bigquery;clickhouse;cockroachdb;database;elasticsearch,Go module; inspect README for go install/build command,"metadata + repository-surface review; verify README, package provenance, secrets/OAuth scopes, network/file-system access, and maintenance before publishing",candidate,GitHub topic/search + repository metadata,2026-05-06
mcp,Figma-Context-MCP,MCP server to provide Figma layout information to AI coding agents like Cursor,GLips,https://github.com/topics/mcp-server,https://github.com/GLips/Figma-Context-MCP,MIT,GitHub stars 14631; forks 1156; watchers 14631; updated 2026-05-06,ai;cursor;figma;typescript;TypeScript,Node.js/npm package; inspect README for npx/npm install command,"metadata + repository-surface review; verify README, package provenance, secrets/OAuth scopes, network/file-system access, and maintenance before publishing",candidate,GitHub topic/search + repository metadata,2026-05-06
mcp,xiaohongshu-mcp,MCP for xiaohongshu.com,xpzouying,https://github.com/topics/mcp-server,https://github.com/xpzouying/xiaohongshu-mcp,unknown,GitHub stars 13309; forks 2022; watchers 13309; updated 2026-05-06,xiaohongshu-mcp;Go,Go module; inspect README for go install/build command,"license requires manual review; metadata + repository-surface review; verify README, package provenance, secrets/OAuth scopes, network/file-system access, and maintenance before publishing",needs_review,GitHub topic/search + repository metadata,2026-05-06
mcp,pal-mcp-server,The power of Claude Code / GeminiCLI / CodexCLI + [Gemini / OpenAI / OpenRouter / Azure / Grok / Ollama / Custom Model / All Of The Above] working as one.,BeehiveInnovations,https://github.com/topics/mcp-server,https://github.com/BeehiveInnovations/pal-mcp-server,NOASSERTION,GitHub stars 11516; forks 991; watchers 11516; updated 2026-05-06,Python,Python package; inspect README for uvx/pip install command,"license requires manual review; metadata + repository-surface review; verify README, package provenance, secrets/OAuth scopes, network/file-system access, and maintenance before publishing",needs_review,GitHub topic/search + repository metadata,2026-05-06
mcp,mcp-chrome,"Chrome MCP Server is a Chrome extension-based Model Context Protocol (MCP) server that exposes your Chrome browser functionality to AI assistants like Claude, enabling complex browser automation, content analysis, and semantic search.",hangwin,https://github.com/topics/mcp-server,https://github.com/hangwin/mcp-chrome,MIT,GitHub stars 11425; forks 1020; watchers 11425; updated 2026-05-06,TypeScript,Node.js/npm package; inspect README for npx/npm install command,"metadata + repository-surface review; verify README, package provenance, secrets/OAuth scopes, network/file-system access, and maintenance before publishing",candidate,GitHub topic/search + repository metadata,2026-05-06
mcp,GhidraMCP,MCP Server for Ghidra,LaurieWired,https://github.com/topics/mcp-server,https://github.com/LaurieWired/GhidraMCP,Apache-2.0,GitHub stars 8765; forks 878; watchers 8765; updated 2026-05-06,Java,Python package; inspect README for uvx/pip install command,"metadata + repository-surface review; verify README, package provenance, secrets/OAuth scopes, network/file-system access, and maintenance before publishing",candidate,GitHub topic/search + repository metadata,2026-05-06
mcp,hexstrike-ai,"HexStrike AI MCP Agents is an advanced MCP server that lets AI agents (Claude, GPT, Copilot, etc.) autonomously run 150+ cybersecurity tools for automated pentesting, vulnerability discovery, bug bounty automation, and security research. Seamlessly bridge LLMs with real-world offensive security capabilities.",0x4m4,https://github.com/topics/mcp-server,https://github.com/0x4m4/hexstrike-ai,MIT,GitHub stars 8572; forks 1861; watchers 8572; updated 2026-05-06,0x4m4;ai;ai-agents;ai-cybersecurity;ai-hacking;ai-penetration-testing;ai-security-tool;artificial-intelligence,Python package; inspect README for uvx/pip install command,"metadata + repository-surface review; verify README, package provenance, secrets/OAuth scopes, network/file-system access, and maintenance before publishing",candidate,GitHub topic/search + repository metadata,2026-05-06
mcp,ida-pro-mcp,AI-powered reverse engineering assistant that bridges IDA Pro with language models through MCP.,mrexodia,https://github.com/topics/mcp-server,https://github.com/mrexodia/ida-pro-mcp,MIT,GitHub stars 8247; forks 989; watchers 8247; updated 2026-05-06,ai;aiagent;binary-analysis;ida-plugin;ida-pro;reverse-engineering;Python,Python package; inspect README for uvx/pip install command,"metadata + repository-surface review; verify README, package provenance, secrets/OAuth scopes, network/file-system access, and maintenance before publishing",candidate,GitHub topic/search + repository metadata,2026-05-06
mcp,git-mcp,"Put an end to code hallucinations! GitMCP is a free, open-source, remote MCP server for any GitHub project",idosal,https://github.com/topics/mcp-server,https://github.com/idosal/git-mcp,Apache-2.0,GitHub stars 8033; forks 706; watchers 8033; updated 2026-05-06,agentic-ai;agents;ai;claude;copilot;cursor;git;llm,Node.js/npm package; inspect README for npx/npm install command,"metadata + repository-surface review; verify README, package provenance, secrets/OAuth scopes, network/file-system access, and maintenance before publishing",candidate,GitHub topic/search + repository metadata,2026-05-06
mcp,browser-tools-mcp,Monitor browser logs directly from Cursor and other MCP compatible IDEs.,AgentDeskAI,https://github.com/topics/mcp-server,https://github.com/AgentDeskAI/browser-tools-mcp,MIT,GitHub stars 7210; forks 522; watchers 7210; updated 2026-05-05,ai;anthropic;cursor;JavaScript,"JavaScript project; install command unknown, inspect README/release docs","metadata + repository-surface review; verify README, package provenance, secrets/OAuth scopes, network/file-system access, and maintenance before publishing",candidate,GitHub topic/search + repository metadata,2026-05-06
mcp,firecrawl-mcp-server,"🔥 Official Firecrawl MCP Server - Adds powerful web scraping and search to Cursor, Claude and any other LLM clients.",firecrawl,https://github.com/topics/mcp-server,https://github.com/firecrawl/firecrawl-mcp-server,MIT,GitHub stars 6225; forks 708; watchers 6225; updated 2026-05-06,batch-processing;claude;content-extraction;data-collection;firecrawl;firecrawl-ai;javascript-rendering;llm-tools,Node.js/npm package; inspect README for npx/npm install command,"metadata + repository-surface review; verify README, package provenance, secrets/OAuth scopes, network/file-system access, and maintenance before publishing",candidate,GitHub topic/search + repository metadata,2026-05-06
mcp,whatsapp-mcp,WhatsApp MCP server,lharries,https://github.com/topics/mcp-server,https://github.com/lharries/whatsapp-mcp,MIT,GitHub stars 5578; forks 1019; watchers 5578; updated 2026-05-06,ai;whatsapp;whatsapp-api;Go,"Go project; install command unknown, inspect README/release docs","metadata + repository-surface review; verify README, package provenance, secrets/OAuth scopes, network/file-system access, and maintenance before publishing",candidate,GitHub topic/search + repository metadata,2026-05-06
mcp,mcp-playwright,"Playwright Model Context Protocol Server - Tool to automate Browsers and APIs in Claude Desktop, Cline, Cursor IDE and More 🔌",executeautomation,https://github.com/topics/mcp-server,https://github.com/executeautomation/mcp-playwright,MIT,GitHub stars 5494; forks 506; watchers 5494; updated 2026-05-06,TypeScript,Node.js/npm package; inspect README for npx/npm install command,"metadata + repository-surface review; verify README, package provenance, secrets/OAuth scopes, network/file-system access, and maintenance before publishing",candidate,GitHub topic/search + repository metadata,2026-05-06
mcp,Windows-MCP,MCP Server for Computer Use in Windows,CursorTouch,https://github.com/topics/mcp-server,https://github.com/CursorTouch/Windows-MCP,MIT,GitHub stars 5478; forks 709; watchers 5478; updated 2026-05-06,ai;desktop;tools;windows;windows-automation;Python,Python package; inspect README for uvx/pip install command,"metadata + repository-surface review; verify README, package provenance, secrets/OAuth scopes, network/file-system access, and maintenance before publishing",candidate,GitHub topic/search + repository metadata,2026-05-06
mcp,XcodeBuildMCP,A Model Context Protocol (MCP) server and CLI that provides tools for agent use when working on iOS and macOS projects.,getsentry,https://github.com/topics/mcp-server,https://github.com/getsentry/XcodeBuildMCP,MIT,GitHub stars 5423; forks 266; watchers 5423; updated 2026-05-06,model-context-protocol-servers;tag-production;xcode;xcodebuild;TypeScript,Node.js/npm package; inspect README for npx/npm install command,"metadata + repository-surface review; verify README, package provenance, secrets/OAuth scopes, network/file-system access, and maintenance before publishing",candidate,GitHub topic/search + repository metadata,2026-05-06
mcp,mcp-atlassian,"MCP server for Atlassian tools (Confluence, Jira)",sooperset,https://github.com/topics/mcp-server,https://github.com/sooperset/mcp-atlassian,MIT,GitHub stars 5110; forks 1150; watchers 5110; updated 2026-05-06,atlassian;confluence;jira;Python,Python package; inspect README for uvx/pip install command,"metadata + repository-surface review; verify README, package provenance, secrets/OAuth scopes, network/file-system access, and maintenance before publishing",candidate,GitHub topic/search + repository metadata,2026-05-06
mcp,bb-browser,Your browser is the API. CLI + MCP server for AI agents to control Chrome with your login state.,epiral,https://github.com/topics/mcp-server,https://github.com/epiral/bb-browser,MIT,GitHub stars 4984; forks 493; watchers 4984; updated 2026-05-06,TypeScript,Node.js/npm package; inspect README for npx/npm install command,"metadata + repository-surface review; verify README, package provenance, secrets/OAuth scopes, network/file-system access, and maintenance before publishing",candidate,GitHub topic/search + repository metadata,2026-05-06
mcp,magic-mcp,It's like v0 but in your Cursor/WindSurf/Cline. 21st dev Magic MCP server for working with your frontend like Magic,21st-dev,https://github.com/topics/mcp-server,https://github.com/21st-dev/magic-mcp,unknown,GitHub stars 4838; forks 336; watchers 4838; updated 2026-05-06,TypeScript,Node.js/npm package; inspect README for npx/npm install command,"license requires manual review; metadata + repository-surface review; verify README, package provenance, secrets/OAuth scopes, network/file-system access, and maintenance before publishing",needs_review,GitHub topic/search + repository metadata,2026-05-06
mcp,mobile-mcp,"Model Context Protocol Server for Mobile Automation and Scraping (iOS, Android, Emulators, Simulators and Real Devices)",mobile-next,https://github.com/topics/mcp-server,https://github.com/mobile-next/mobile-mcp,Apache-2.0,GitHub stars 4806; forks 418; watchers 4806; updated 2026-05-06,agent;android;emulator;ios;mobile;physical;real;simulator,Node.js/npm package; inspect README for npx/npm install command,"metadata + repository-surface review; verify README, package provenance, secrets/OAuth scopes, network/file-system access, and maintenance before publishing",candidate,GitHub topic/search + repository metadata,2026-05-06
mcp,aci,ACI.dev is the open source tool-calling platform that hooks up 600+ tools into any agentic IDE or custom AI agent through direct function calling or a unified MCP server. The birthplace of VibeOps.,aipotheosis-labs,https://github.com/topics/mcp-server,https://github.com/aipotheosis-labs/aci,Apache-2.0,GitHub stars 4765; forks 455; watchers 4765; updated 2026-05-06,agents;ai;ai-agents;api;developer-tools;function-calling;integration;llm,"Python project; install command unknown, inspect README/release docs","metadata + repository-surface review; verify README, package provenance, secrets/OAuth scopes, network/file-system access, and maintenance before publishing",candidate,GitHub topic/search + repository metadata,2026-05-06
mcp,deep-research,Use any LLMs (Large Language Models) for Deep Research. Support SSE API and MCP server.,u14app,https://github.com/topics/mcp-server,https://github.com/u14app/deep-research,MIT,GitHub stars 4579; forks 1058; watchers 4579; updated 2026-05-06,anthropic;deep-research;deep-research-api;deepresearch;deepseek;gemini;grok;ollama,Node.js/npm package; inspect README for npx/npm install command,"metadata + repository-surface review; verify README, package provenance, secrets/OAuth scopes, network/file-system access, and maintenance before publishing",candidate,GitHub topic/search + repository metadata,2026-05-06
mcp,exa-mcp-server,Exa MCP for web search and web crawling!,exa-labs,https://github.com/topics/mcp-server,https://github.com/exa-labs/exa-mcp-server,MIT,GitHub stars 4394; forks 329; watchers 4394; updated 2026-05-06,code-search;codesearch;crawling;web-search;websearch;TypeScript,Node.js/npm package; inspect README for npx/npm install command,"metadata + repository-surface review; verify README, package provenance, secrets/OAuth scopes, network/file-system access, and maintenance before publishing",candidate,GitHub topic/search + repository metadata,2026-05-06
mcp,notion-mcp-server,Official Notion MCP Server,makenotion,https://github.com/topics/mcp-server,https://github.com/makenotion/notion-mcp-server,MIT,GitHub stars 4301; forks 562; watchers 4301; updated 2026-05-06,TypeScript,Node.js/npm package; inspect README for npx/npm install command,"metadata + repository-surface review; verify README, package provenance, secrets/OAuth scopes, network/file-system access, and maintenance before publishing",candidate,GitHub topic/search + repository metadata,2026-05-06
mcp,spec-workflow-mcp,"A Model Context Protocol (MCP) server that provides structured spec-driven development workflow tools for AI-assisted software development, featuring a real-time web dashboard and VSCode extension for monitoring and managing your project's progress directly in your development environment.",Pimzino,https://github.com/topics/mcp-server,https://github.com/Pimzino/spec-workflow-mcp,GPL-3.0,GitHub stars 4156; forks 342; watchers 4156; updated 2026-05-06,TypeScript,Node.js/npm package; inspect README for npx/npm install command,"metadata + repository-surface review; verify README, package provenance, secrets/OAuth scopes, network/file-system access, and maintenance before publishing",candidate,GitHub topic/search + repository metadata,2026-05-06
mcp,mcp-server-chart,🤖 A visualization mcp & skills contains 25+ visual charts using @antvis. Using for chart generation and data analysis.,antvis,https://github.com/topics/mcp-server,https://github.com/antvis/mcp-server-chart,MIT,GitHub stars 4041; forks 378; watchers 4041; updated 2026-05-06,antv;llm;skills;visualization;TypeScript,Node.js/npm package; inspect README for npx/npm install command,"metadata + repository-surface review; verify README, package provenance, secrets/OAuth scopes, network/file-system access, and maintenance before publishing",candidate,GitHub topic/search + repository metadata,2026-05-06
mcp,excel-mcp-server,A Model Context Protocol server for Excel file manipulation,haris-musa,https://github.com/topics/mcp-server,https://github.com/haris-musa/excel-mcp-server,MIT,GitHub stars 3786; forks 415; watchers 3786; updated 2026-05-06,ai;automation;excel;llm;sse;stdio;streamable-http;toolcalling,Python package; inspect README for uvx/pip install command,"metadata + repository-surface review; verify README, package provenance, secrets/OAuth scopes, network/file-system access, and maintenance before publishing",candidate,GitHub topic/search + repository metadata,2026-05-06
mcp,mcp-server-cloudflare,unknown,cloudflare,https://github.com/topics/mcp-server,https://github.com/cloudflare/mcp-server-cloudflare,Apache-2.0,GitHub stars 3706; forks 389; watchers 3706; updated 2026-05-06,TypeScript,Node.js/npm package; inspect README for npx/npm install command,"metadata + repository-surface review; verify README, package provenance, secrets/OAuth scopes, network/file-system access, and maintenance before publishing",needs_review,GitHub topic/search + repository metadata,2026-05-06
mcp,mcp-obsidian,MCP server that interacts with Obsidian via the Obsidian rest API community plugin,MarkusPfundstein,https://github.com/topics/mcp-server,https://github.com/MarkusPfundstein/mcp-obsidian,MIT,GitHub stars 3584; forks 421; watchers 3584; updated 2026-05-06,Python,Python package; inspect README for uvx/pip install command,"metadata + repository-surface review; verify README, package provenance, secrets/OAuth scopes, network/file-system access, and maintenance before publishing",candidate,GitHub topic/search + repository metadata,2026-05-06
mcp,boost,Laravel-focused MCP server for augmenting your AI powered local development experience.,laravel,https://github.com/topics/mcp-server,https://github.com/laravel/boost,MIT,GitHub stars 3454; forks 320; watchers 3454; updated 2026-05-06,ai;dev;laravel;PHP,"PHP project; install command unknown, inspect README/release docs","metadata + repository-surface review; verify README, package provenance, secrets/OAuth scopes, network/file-system access, and maintenance before publishing",candidate,GitHub topic/search + repository metadata,2026-05-06
mcp,godot-mcp,"MCP server for interfacing with Godot game engine. Provides tools for launching the editor, running projects, and capturing debug output.",Coding-Solo,https://github.com/topics/mcp-server,https://github.com/Coding-Solo/godot-mcp,MIT,GitHub stars 3443; forks 345; watchers 3443; updated 2026-05-06,ai;godot;JavaScript,Node.js/npm package; inspect README for npx/npm install command,"metadata + repository-surface review; verify README, package provenance, secrets/OAuth scopes, network/file-system access, and maintenance before publishing",candidate,GitHub topic/search + repository metadata,2026-05-06
mcp,mcp-server-browserbase,Allow LLMs to control a browser with Browserbase and Stagehand,browserbase,https://github.com/topics/mcp-server,https://github.com/browserbase/mcp-server-browserbase,Apache-2.0,GitHub stars 3312; forks 358; watchers 3312; updated 2026-05-06,ai;browser;chrome;chromium;playwright;puppeteer;TypeScript,Node.js/npm package; inspect README for npx/npm install command,"metadata + repository-surface review; verify README, package provenance, secrets/OAuth scopes, network/file-system access, and maintenance before publishing",candidate,GitHub topic/search + repository metadata,2026-05-06
mcp,Peekaboo,"Peekaboo is a macOS CLI & optional MCP server that enables AI agents to capture screenshots of applications, or the entire system, with optional visual question answering through local or remote AI models.",openclaw,https://github.com/topics/mcp-server,https://github.com/openclaw/Peekaboo,MIT,GitHub stars 3252; forks 233; watchers 3252; updated 2026-05-06,ai;macos;screenshots;swift;Swift,Node.js/npm package; inspect README for npx/npm install command,"metadata + repository-surface review; verify README, package provenance, secrets/OAuth scopes, network/file-system access, and maintenance before publishing",candidate,GitHub topic/search + repository metadata,2026-05-06
mcp,engram,"Persistent memory system for AI coding agents. Agent-agnostic Go binary with SQLite + FTS5, MCP server, HTTP API, CLI, and TUI.",Gentleman-Programming,https://github.com/topics/mcp-server,https://github.com/Gentleman-Programming/engram,MIT,GitHub stars 3251; forks 372; watchers 3251; updated 2026-05-06,Go,Go module; inspect README for go install/build command,"metadata + repository-surface review; verify README, package provenance, secrets/OAuth scopes, network/file-system access, and maintenance before publishing",candidate,GitHub topic/search + repository metadata,2026-05-06
mcp,CodeGraphContext,An MCP server plus a CLI tool that indexes local code into a graph database to provide context to AI assistants.,CodeGraphContext,https://github.com/topics/mcp-server,https://github.com/CodeGraphContext/CodeGraphContext,MIT,GitHub stars 3166; forks 564; watchers 3166; updated 2026-05-06,hacktoberfest2025;social-winter-of-code;Python,Python package; inspect README for uvx/pip install command,"metadata + repository-surface review; verify README, package provenance, secrets/OAuth scopes, network/file-system access, and maintenance before publishing",candidate,GitHub topic/search + repository metadata,2026-05-06
mcp,mcp-grafana,MCP server for Grafana,grafana,https://github.com/topics/mcp-server,https://github.com/grafana/mcp-grafana,Apache-2.0,GitHub stars 2965; forks 353; watchers 2965; updated 2026-05-06,Go,Go module; inspect README for go install/build command,"metadata + repository-surface review; verify README, package provenance, secrets/OAuth scopes, network/file-system access, and maintenance before publishing",candidate,GitHub topic/search + repository metadata,2026-05-06
mcp,shadcn-ui-mcp-server,"A mcp server to allow LLMS gain context about shadcn ui component structure,usage and installation,compaitable with react,svelte 5,vue & React Native",Jpisnice,https://github.com/topics/mcp-server,https://github.com/Jpisnice/shadcn-ui-mcp-server,MIT,GitHub stars 2762; forks 289; watchers 2762; updated 2026-05-06,ai;expo;nextjs;npm;npm-package;npx;react;react-native,Node.js/npm package; inspect README for npx/npm install command,"metadata + repository-surface review; verify README, package provenance, secrets/OAuth scopes, network/file-system access, and maintenance before publishing",candidate,GitHub topic/search + repository metadata,2026-05-06
mcp,ha-mcp,The Unofficial and Awesome Home Assistant MCP Server,homeassistant-ai,https://github.com/topics/mcp-server,https://github.com/homeassistant-ai/ha-mcp,MIT,GitHub stars 2718; forks 110; watchers 2718; updated 2026-05-06,Python,Python package; inspect README for uvx/pip install command,"metadata + repository-surface review; verify README, package provenance, secrets/OAuth scopes, network/file-system access, and maintenance before publishing",candidate,GitHub topic/search + repository metadata,2026-05-06
mcp,arxiv-mcp-server,A Model Context Protocol server for searching and analyzing arXiv papers,blazickjp,https://github.com/topics/mcp-server,https://github.com/blazickjp/arxiv-mcp-server,Apache-2.0,GitHub stars 2663; forks 214; watchers 2663; updated 2026-05-06,ai;arxiv;claude-ai;gpt;llm;papers;python;research,Python package; inspect README for uvx/pip install command,"metadata + repository-surface review; verify README, package provenance, secrets/OAuth scopes, network/file-system access, and maintenance before publishing",candidate,GitHub topic/search + repository metadata,2026-05-06
mcp,markdownify-mcp,A Model Context Protocol server for converting almost anything to Markdown,zcaceres,https://github.com/topics/mcp-server,https://github.com/zcaceres/markdownify-mcp,MIT,GitHub stars 2637; forks 215; watchers 2637; updated 2026-05-06,ai;anthropic;anthropic-ai;anthropic-claude;markdown;ocr;tools;TypeScript,Node.js/npm package; inspect README for npx/npm install command,"metadata + repository-surface review; verify README, package provenance, secrets/OAuth scopes, network/file-system access, and maintenance before publishing",candidate,GitHub topic/search + repository metadata,2026-05-06
mcp,Unity-MCP,"AI Skills, MCP Tools, and CLI for Unity Engine. Full AI develop and test loop. Use cli for quick setup. Efficient token usage, advanced tools. Any C# method may be turned into a tool by a single line. Works with Claude Code, Gemini, Copilot, Cursor and any other absolutely for free.",IvanMurzak,https://github.com/topics/mcp-server,https://github.com/IvanMurzak/Unity-MCP,Apache-2.0,GitHub stars 2586; forks 235; watchers 2586; updated 2026-05-06,ai;ai-integration;anthropic;claude;claude-code;claude-desktop;cli;copilot,"C# project; install command unknown, inspect README/release docs","metadata + repository-surface review; verify README, package provenance, secrets/OAuth scopes, network/file-system access, and maintenance before publishing",candidate,GitHub topic/search + repository metadata,2026-05-06
mcp,agent-scan,"Security scanner for AI agents, MCP servers and agent skills.",snyk,https://github.com/topics/mcp-server,https://github.com/snyk/agent-scan,Apache-2.0,GitHub stars 2353; forks 211; watchers 2353; updated 2026-05-06,agent;ai;security;Python,Python package; inspect README for uvx/pip install command,"metadata + repository-surface review; verify README, package provenance, secrets/OAuth scopes, network/file-system access, and maintenance before publishing",candidate,GitHub topic/search + repository metadata,2026-05-06
mcp,brightdata-mcp,A powerful Model Context Protocol (MCP) server that provides an all-in-one solution for public web access.,brightdata,https://github.com/topics/mcp-server,https://github.com/brightdata/brightdata-mcp,MIT,GitHub stars 2346; forks 302; watchers 2346; updated 2026-05-06,ai-agents;ai-integrations;anti-bot-detection;browser-automation;data-collection;data-extraction;llm;scraping,Node.js/npm package; inspect README for npx/npm install command,"metadata + repository-surface review; verify README, package provenance, secrets/OAuth scopes, network/file-system access, and maintenance before publishing",candidate,GitHub topic/search + repository metadata,2026-05-06
mcp,tradingview-mcp,"Real-time crypto & stock screening, advanced technical indicators, Bollinger Bands intelligence, candlestick patterns + native Claude Desktop integration. Multi-exchange (Binance, KuCoin, Bybit+). Open-source AI trading infrastructure.",atilaahmettaner,https://github.com/topics/mcp-server,https://github.com/atilaahmettaner/tradingview-mcp,MIT,GitHub stars 2314; forks 513; watchers 2314; updated 2026-05-06,claude-desktop;cryptocurrency;mcp-tools;openclaw;stock-market;trading-mcp;trading-strategies;tradingview,Python package; inspect README for uvx/pip install command,"metadata + repository-surface review; verify README, package provenance, secrets/OAuth scopes, network/file-system access, and maintenance before publishing",candidate,GitHub topic/search + repository metadata,2026-05-06
mcp,google_workspace_mcp,"Control Gmail, Google Calendar, Docs, Sheets, Slides, Chat, Forms, Tasks, Search & Drive with AI - Comprehensive Google Workspace / G Suite MCP Server & CLI Tool",taylorwilsdon,https://github.com/topics/mcp-server,https://github.com/taylorwilsdon/google_workspace_mcp,MIT,GitHub stars 2303; forks 708; watchers 2303; updated 2026-05-06,ai;g-suite;gmail;google-calendar;google-chat;google-docs;google-drive;google-forms,Python package; inspect README for uvx/pip install command,"metadata + repository-surface review; verify README, package provenance, secrets/OAuth scopes, network/file-system access, and maintenance before publishing",candidate,GitHub topic/search + repository metadata,2026-05-06
mcp,notebooklm-mcp,"MCP server for NotebookLM - Let your AI agents (Claude Code, Codex) research documentation directly with grounded, citation-backed answers from Gemini. Persistent auth, library management, cross-client sharing. Zero hallucinations, just your knowledge base.",PleasePrompto,https://github.com/topics/mcp-server,https://github.com/PleasePrompto/notebooklm-mcp,MIT,GitHub stars 2298; forks 304; watchers 2298; updated 2026-05-06,TypeScript,Node.js/npm package; inspect README for npx/npm install command,"metadata + repository-surface review; verify README, package provenance, secrets/OAuth scopes, network/file-system access, and maintenance before publishing",candidate,GitHub topic/search + repository metadata,2026-05-06
mcp,anything-analyzer,"全能协议分析工具：浏览器抓包 + MITM 代理 + 指纹伪装 + AI 分析 + MCP Server 无缝对接 AI Agent/IDE   |  All-in-one protocol analysis toolkit — built-in browser capture, MITM proxy, JS hooks, fingerprint spoofing, AI analysis & MCP server for agent integration",Mouseww,https://github.com/topics/mcp-server,https://github.com/Mouseww/anything-analyzer,unknown,GitHub stars 2251; forks 469; watchers 2251; updated 2026-05-06,2api;ai-tools;analysis-cli;api-analysis;automation-tools;blackbox-testing;network-analysis;protocol-analysis,Node.js/npm package; inspect README for npx/npm install command,"license requires manual review; metadata + repository-surface review; verify README, package provenance, secrets/OAuth scopes, network/file-system access, and maintenance before publishing",needs_review,GitHub topic/search + repository metadata,2026-05-06
mcp,design-extract,"Extract any website's complete design system with one command. DTCG tokens, semantic+primitive+composite, MCP server for Claude Code/Cursor/Windsurf, multi-platform emitters (iOS SwiftUI, Android Compose, Flutter, WordPress), Tailwind v4, Figma variables, shadcn/ui, CSS health audit, WCAG remediation, Chrome extension. MIT, Playwright, Node 20+.",Manavarya09,https://github.com/topics/mcp-server,https://github.com/Manavarya09/design-extract,MIT,GitHub stars 2211; forks 197; watchers 2211; updated 2026-05-06,accessibility;agent-skill;ai;chrome-extension;claude-code-plugin;cli;css;cursor,Node.js/npm package; inspect README for npx/npm install command,"metadata + repository-surface review; verify README, package provenance, secrets/OAuth scopes, network/file-system access, and maintenance before publishing",candidate,GitHub topic/search + repository metadata,2026-05-06
mcp,gemini-mcp-tool,"MCP server that enables AI assistants to interact with Google Gemini CLI, leveraging Gemini's massive token window for large file analysis and codebase understanding",jamubc,https://github.com/topics/mcp-server,https://github.com/jamubc/gemini-mcp-tool,NOASSERTION,GitHub stars 2192; forks 191; watchers 2192; updated 2026-05-06,ai;claude;cli;codebase-analysis;file-analysis;gemini;npm;typescript,Node.js/npm package; inspect README for npx/npm install command,"license requires manual review; metadata + repository-surface review; verify README, package provenance, secrets/OAuth scopes, network/file-system access, and maintenance before publishing",needs_review,GitHub topic/search + repository metadata,2026-05-06
mcp,codebase-memory-mcp,"High-performance code intelligence MCP server. Indexes codebases into a persistent knowledge graph — average repo in milliseconds. 155 languages, sub-ms queries, 99% fewer tokens. Single static binary, zero dependencies.",DeusData,https://github.com/topics/mcp-server,https://github.com/DeusData/codebase-memory-mcp,MIT,GitHub stars 2113; forks 239; watchers 2113; updated 2026-05-06,aider;ast;claude-code;code-analysis;code-intelligence;codex;cursor;cypher,"C project; install command unknown, inspect README/release docs","metadata + repository-surface review; verify README, package provenance, secrets/OAuth scopes, network/file-system access, and maintenance before publishing",candidate,GitHub topic/search + repository metadata,2026-05-06
mcp,mcp-server,An MCP server for interacting with the Financial Datasets stock market API.,financial-datasets,https://github.com/topics/mcp-server,https://github.com/financial-datasets/mcp-server,MIT,GitHub stars 2062; forks 329; watchers 2062; updated 2026-05-04,Python,Python package; inspect README for uvx/pip install command,"metadata + repository-surface review; verify README, package provenance, secrets/OAuth scopes, network/file-system access, and maintenance before publishing",candidate,GitHub topic/search + repository metadata,2026-05-06
mcp,vexa,"Open-source meeting transcription API for Google Meet, Microsoft Teams & Zoom. Auto-join bots, real-time WebSocket transcripts, MCP server for AI agents. Self-host or use hosted SaaS.",Vexa-ai,https://github.com/topics/mcp-server,https://github.com/Vexa-ai/vexa,Apache-2.0,GitHub stars 2005; forks 271; watchers 2005; updated 2026-05-06,google-meet;meeting-assistant;meeting-minutes;meeting-notes;ms-teams;ms-teams-app;notetaker;zoom,"TypeScript project; install command unknown, inspect README/release docs","metadata + repository-surface review; verify README, package provenance, secrets/OAuth scopes, network/file-system access, and maintenance before publishing",candidate,GitHub topic/search + repository metadata,2026-05-06
mcp,agentset,"The open-source RAG platform: built-in citations, deep research, 22+ file formats, partitions, MCP server, and more.",agentset-ai,https://github.com/topics/mcp-server,https://github.com/agentset-ai/agentset,MIT,GitHub stars 1981; forks 176; watchers 1981; updated 2026-05-06,agentic-rag;ai;ai-agents;ai-sdk;chatbots;embeddings;genai;llms,Node.js/npm package; inspect README for npx/npm install command,"metadata + repository-surface review; verify README, package provenance, secrets/OAuth scopes, network/file-system access, and maintenance before publishing",candidate,GitHub topic/search + repository metadata,2026-05-06
mcp,ios-simulator-mcp,MCP server for interacting with the iOS simulator,joshuayoes,https://github.com/topics/mcp-server,https://github.com/joshuayoes/ios-simulator-mcp,MIT,GitHub stars 1952; forks 85; watchers 1952; updated 2026-05-06,JavaScript,Node.js/npm package; inspect README for npx/npm install command,"metadata + repository-surface review; verify README, package provenance, secrets/OAuth scopes, network/file-system access, and maintenance before publishing",candidate,GitHub topic/search + repository metadata,2026-05-06
mcp,jadx-ai-mcp,Plugin for JADX to integrate MCP server,zinja-coder,https://github.com/topics/mcp-server,https://github.com/zinja-coder/jadx-ai-mcp,Apache-2.0,GitHub stars 1945; forks 195; watchers 1945; updated 2026-05-06,ai;java;llm;mcp-servers;mobile;model-context-protocol-servers;pentesting;reverse-engineering,"Java project; install command unknown, inspect README/release docs","metadata + repository-surface review; verify README, package provenance, secrets/OAuth scopes, network/file-system access, and maintenance before publishing",candidate,GitHub topic/search + repository metadata,2026-05-06
mcp,tavily-mcp,"Production ready MCP server with real-time search, extract, map & crawl.",tavily-ai,https://github.com/topics/mcp-server,https://github.com/tavily-ai/tavily-mcp,MIT,GitHub stars 1916; forks 256; watchers 1916; updated 2026-05-06,JavaScript,Node.js/npm package; inspect README for npx/npm install command,"metadata + repository-surface review; verify README, package provenance, secrets/OAuth scopes, network/file-system access, and maintenance before publishing",candidate,GitHub topic/search + repository metadata,2026-05-06
mcp,mcp_excalidraw,"MCP server and Claude Code skill for Excalidraw — programmatic canvas toolkit to create, edit, and export diagrams via AI agents with real-time canvas sync.",yctimlin,https://github.com/topics/mcp-server,https://github.com/yctimlin/mcp_excalidraw,MIT,GitHub stars 1875; forks 189; watchers 1875; updated 2026-05-05,JavaScript,Node.js/npm package; inspect README for npx/npm install command,"metadata + repository-surface review; verify README, package provenance, secrets/OAuth scopes, network/file-system access, and maintenance before publishing",candidate,GitHub topic/search + repository metadata,2026-05-06
mcp,unreal-mcp,"Enable AI assistant clients like Cursor, Windsurf and Claude Desktop to control Unreal Engine through natural language using the Model Context Protocol (MCP).",chongdashu,https://github.com/topics/mcp-server,https://github.com/chongdashu/unreal-mcp,unknown,GitHub stars 1842; forks 293; watchers 1842; updated 2026-05-06,unreal-engine-5;C++,"C++ project; install command unknown, inspect README/release docs","license requires manual review; metadata + repository-surface review; verify README, package provenance, secrets/OAuth scopes, network/file-system access, and maintenance before publishing",needs_review,GitHub topic/search + repository metadata,2026-05-06
mcp,mcp-memory-service,"Open-source persistent memory for AI agent pipelines (LangGraph, CrewAI, AutoGen) and Claude. REST API + knowledge graph + autonomous consolidation.",doobidoo,https://github.com/topics/mcp-server,https://github.com/doobidoo/mcp-memory-service,Apache-2.0,GitHub stars 1791; forks 276; watchers 1791; updated 2026-05-06,agent-memory;agentic-ai;ai-agents;autogen;claude;crewai;knowledge-graph;langgraph,Python package; inspect README for uvx/pip install command,"metadata + repository-surface review; verify README, package provenance, secrets/OAuth scopes, network/file-system access, and maintenance before publishing",candidate,GitHub topic/search + repository metadata,2026-05-06
mcp,contextplus,"Semantic Intelligence for Large-Scale Engineering. Context+ is an MCP server designed for developers who demand 99% accuracy. By combining RAG, Tree-sitter AST, Spectral Clustering, and Obsidian-style linking, Context+ turns a massive codebase into a searchable, hierarchical feature graph.",forloopcodes,https://github.com/topics/mcp-server,https://github.com/forloopcodes/contextplus,MIT,GitHub stars 1783; forks 137; watchers 1783; updated 2026-05-04,TypeScript,Node.js/npm package; inspect README for npx/npm install command,"metadata + repository-surface review; verify README, package provenance, secrets/OAuth scopes, network/file-system access, and maintenance before publishing",candidate,GitHub topic/search + repository metadata,2026-05-06
mcp,linkedin-mcp-server,"Open-source MCP server for LinkedIn. Give Claude and any MCP-compatible AI assistant access to profiles, companies, jobs, and messages.",stickerdaniel,https://github.com/topics/mcp-server,https://github.com/stickerdaniel/linkedin-mcp-server,Apache-2.0,GitHub stars 1776; forks 340; watchers 1776; updated 2026-05-06,ai-agents;anthropic;chatgpt;chatgpt-desktop;claude;claude-ai;claude-code;claude-desktop,Python package; inspect README for uvx/pip install command,"metadata + repository-surface review; verify README, package provenance, secrets/OAuth scopes, network/file-system access, and maintenance before publishing",candidate,GitHub topic/search + repository metadata,2026-05-06
mcp,jcodemunch-mcp,"The leading, most token-efficient MCP server for GitHub source code exploration via tree-sitter AST parsing",jgravelle,https://github.com/topics/mcp-server,https://github.com/jgravelle/jcodemunch-mcp,NOASSERTION,GitHub stars 1776; forks 286; watchers 1776; updated 2026-05-06,claude;claude-code;serena;token;token-savings;tokens;Python,Python package; inspect README for uvx/pip install command,"license requires manual review; metadata + repository-surface review; verify README, package provenance, secrets/OAuth scopes, network/file-system access, and maintenance before publishing",needs_review,GitHub topic/search + repository metadata,2026-05-06
mcp,korean-law-mcp,국가법령정보MCP | 법제처 41개 API → 16개 MCP 도구. 법령·판례·조례·조약을 AI로 검색·조회·분석 + LLM 환각 방지 인용 검증 | 41 Korean legal APIs → 16 MCP tools with AI citation hallucination guard,chrisryugj,https://github.com/topics/mcp-server,https://github.com/chrisryugj/korean-law-mcp,MIT,GitHub stars 1663; forks 321; watchers 1663; updated 2026-05-06,api;citation-verification;claude;cli;hallucination-detection;korea;korean-law;law,Node.js/npm package; inspect README for npx/npm install command,"metadata + repository-surface review; verify README, package provenance, secrets/OAuth scopes, network/file-system access, and maintenance before publishing",candidate,GitHub topic/search + repository metadata,2026-05-06
mcp,azure-devops-mcp,"The MCP server for Azure DevOps, bringing the power of Azure DevOps directly to your agents.",microsoft,https://github.com/topics/mcp-server,https://github.com/microsoft/azure-devops-mcp,MIT,GitHub stars 1655; forks 543; watchers 1655; updated 2026-05-06,TypeScript,Node.js/npm package; inspect README for npx/npm install command,"metadata + repository-surface review; verify README, package provenance, secrets/OAuth scopes, network/file-system access, and maintenance before publishing",candidate,GitHub topic/search + repository metadata,2026-05-06
mcp,mcp-server-mysql,A Model Context Protocol server that provides read-only access to MySQL databases. This server enables LLMs to inspect database schemas and execute read-only queries.,benborla,https://github.com/topics/mcp-server,https://github.com/benborla/mcp-server-mysql,MIT,GitHub stars 1616; forks 204; watchers 1616; updated 2026-05-06,JavaScript,Node.js/npm package; inspect README for npx/npm install command,"metadata + repository-surface review; verify README, package provenance, secrets/OAuth scopes, network/file-system access, and maintenance before publishing",candidate,GitHub topic/search + repository metadata,2026-05-06
mcp,n8n-mcp-server,MCP server that provides tools and resources for interacting with n8n API,leonardsellem,https://github.com/topics/mcp-server,https://github.com/leonardsellem/n8n-mcp-server,MIT,GitHub stars 1614; forks 290; watchers 1614; updated 2026-05-06,TypeScript,Node.js/npm package; inspect README for npx/npm install command,"metadata + repository-surface review; verify README, package provenance, secrets/OAuth scopes, network/file-system access, and maintenance before publishing",candidate,GitHub topic/search + repository metadata,2026-05-06
mcp,slack-mcp-server,"The most powerful MCP Slack Server with no permission requirements, Apps support, GovSlack, DMs, Group DMs and smart history fetch logic.",korotovsky,https://github.com/topics/mcp-server,https://github.com/korotovsky/slack-mcp-server,MIT,GitHub stars 1579; forks 307; watchers 1579; updated 2026-05-06,assistants;govslack;llm;slack;slack-api;Go,Go module; inspect README for go install/build command,"metadata + repository-surface review; verify README, package provenance, secrets/OAuth scopes, network/file-system access, and maintenance before publishing",candidate,GitHub topic/search + repository metadata,2026-05-06
mcp,mcp-brasil,MCP Server para 70 APIs públicas brasileiras,Mcp-Brasil,https://github.com/topics/mcp-server,https://github.com/Mcp-Brasil/mcp-brasil,MIT,GitHub stars 1531; forks 215; watchers 1531; updated 2026-05-06,ai-agents;apis-publicas;brazil;claude;fastmcp;governo;llm;python,Python package; inspect README for uvx/pip install command,"metadata + repository-surface review; verify README, package provenance, secrets/OAuth scopes, network/file-system access, and maintenance before publishing",candidate,GitHub topic/search + repository metadata,2026-05-06
mcp,kubernetes-mcp-server,Model Context Protocol (MCP) server for Kubernetes and OpenShift,containers,https://github.com/topics/mcp-server,https://github.com/containers/kubernetes-mcp-server,Apache-2.0,GitHub stars 1529; forks 331; watchers 1529; updated 2026-05-06,containers;context;kubernetes;kubernetes-mcp;model;openshift;protocol;Go,Go module; inspect README for go install/build command,"metadata + repository-surface review; verify README, package provenance, secrets/OAuth scopes, network/file-system access, and maintenance before publishing",candidate,GitHub topic/search + repository metadata,2026-05-06
mcp,mcp-language-server,"mcp-language-server gives MCP enabled clients access semantic tools like get definition, references, rename, and diagnostics.",isaacphi,https://github.com/topics/mcp-server,https://github.com/isaacphi/mcp-language-server,BSD-3-Clause,GitHub stars 1525; forks 127; watchers 1525; updated 2026-05-05,ai;language-server-protocol;Go,Go module; inspect README for go install/build command,"metadata + repository-surface review; verify README, package provenance, secrets/OAuth scopes, network/file-system access, and maintenance before publishing",candidate,GitHub topic/search + repository metadata,2026-05-06
mcp,MiniMax-MCP,"Official MiniMax Model Context Protocol (MCP) server that enables interaction with powerful Text to Speech, image generation and video generation APIs.",MiniMax-AI,https://github.com/topics/mcp-server,https://github.com/MiniMax-AI/MiniMax-MCP,MIT,GitHub stars 1466; forks 257; watchers 1466; updated 2026-05-06,image-generation;image-to-video;mcp-tools;text-to-image;text-to-speech;text-to-video;video-generation;voice-cloning,Python package; inspect README for uvx/pip install command,"metadata + repository-surface review; verify README, package provenance, secrets/OAuth scopes, network/file-system access, and maintenance before publishing",candidate,GitHub topic/search + repository metadata,2026-05-06
mcp,datagouv-mcp,"Official data.gouv.fr Model Context Protocol (MCP) server that allows AI chatbots to search, explore, and analyze datasets from the French national Open Data platform, directly through conversation.",datagouv,https://github.com/topics/mcp-server,https://github.com/datagouv/datagouv-mcp,MIT,GitHub stars 1426; forks 119; watchers 1426; updated 2026-05-06,open-data;opendata;Python,Python package; inspect README for uvx/pip install command,"metadata + repository-surface review; verify README, package provenance, secrets/OAuth scopes, network/file-system access, and maintenance before publishing",candidate,GitHub topic/search + repository metadata,2026-05-06
mcp,mcp-server-kubernetes,MCP Server for kubernetes management commands,Flux159,https://github.com/topics/mcp-server,https://github.com/Flux159/mcp-server-kubernetes,MIT,GitHub stars 1387; forks 242; watchers 1387; updated 2026-05-05,infrastructure;kubernetes;server;TypeScript,Node.js/npm package; inspect README for npx/npm install command,"metadata + repository-surface review; verify README, package provenance, secrets/OAuth scopes, network/file-system access, and maintenance before publishing",candidate,GitHub topic/search + repository metadata,2026-05-06
mcp,mcp-server-qdrant,An official Qdrant Model Context Protocol (MCP) server implementation,qdrant,https://github.com/topics/mcp-server,https://github.com/qdrant/mcp-server-qdrant,Apache-2.0,GitHub stars 1385; forks 268; watchers 1385; updated 2026-05-05,claude;cursor;llm;semantic-search;windsurf;Python,Python package; inspect README for uvx/pip install command,"metadata + repository-surface review; verify README, package provenance, secrets/OAuth scopes, network/file-system access, and maintenance before publishing",candidate,GitHub topic/search + repository metadata,2026-05-06
mcp,terraform-mcp-server,"The Terraform MCP Server provides seamless integration with Terraform ecosystem, enabling advanced automation and interaction capabilities for Infrastructure as Code (IaC) development.",hashicorp,https://github.com/topics/mcp-server,https://github.com/hashicorp/terraform-mcp-server,MPL-2.0,GitHub stars 1356; forks 154; watchers 1356; updated 2026-05-06,Go,Go module; inspect README for go install/build command,"metadata + repository-surface review; verify README, package provenance, secrets/OAuth scopes, network/file-system access, and maintenance before publishing",candidate,GitHub topic/search + repository metadata,2026-05-06
mcp,paper-search-mcp,"MCP, CLI, Skills for searching and downloading academic papers from multiple sources like arXiv, PubMed, bioRxiv, etc.",openags,https://github.com/topics/mcp-server,https://github.com/openags/paper-search-mcp,MIT,GitHub stars 1346; forks 147; watchers 1346; updated 2026-05-06,ai-scientist;arxiv-papers;paper-search;Python,Python package; inspect README for uvx/pip install command,"metadata + repository-surface review; verify README, package provenance, secrets/OAuth scopes, network/file-system access, and maintenance before publishing",candidate,GitHub topic/search + repository metadata,2026-05-06
mcp,elevenlabs-mcp,The official ElevenLabs MCP server,elevenlabs,https://github.com/topics/mcp-server,https://github.com/elevenlabs/elevenlabs-mcp,MIT,GitHub stars 1345; forks 224; watchers 1345; updated 2026-05-05,elevenlabs;elevenlabs-api;Python,Python package; inspect README for uvx/pip install command,"metadata + repository-surface review; verify README, package provenance, secrets/OAuth scopes, network/file-system access, and maintenance before publishing",candidate,GitHub topic/search + repository metadata,2026-05-06
mcp,deepwiki-mcp,📖 MCP server for fetch deepwiki.com and get latest knowledge in Cursor and other Code Editors,regenrek,https://github.com/topics/mcp-server,https://github.com/regenrek/deepwiki-mcp,MIT,GitHub stars 1341; forks 78; watchers 1341; updated 2026-05-06,TypeScript,Node.js/npm package; inspect README for npx/npm install command,"metadata + repository-surface review; verify README, package provenance, secrets/OAuth scopes, network/file-system access, and maintenance before publishing",candidate,GitHub topic/search + repository metadata,2026-05-06
mcp,docs-mcp-server,"Grounded Docs MCP Server: Open-Source Alternative to Context7, Nia, and Ref.Tools",arabold,https://github.com/topics/mcp-server,https://github.com/arabold/docs-mcp-server,MIT,GitHub stars 1310; forks 150; watchers 1310; updated 2026-05-06,agentic-ai;copilot;cursor;llm;vscode;windsurf;TypeScript,Node.js/npm package; inspect README for npx/npm install command,"metadata + repository-surface review; verify README, package provenance, secrets/OAuth scopes, network/file-system access, and maintenance before publishing",candidate,GitHub topic/search + repository metadata,2026-05-06
mcp,claude-code-mcp,Claude Code as one-shot MCP server to have an agent in your agent.,steipete,https://github.com/topics/mcp-server,https://github.com/steipete/claude-code-mcp,MIT,GitHub stars 1275; forks 161; watchers 1275; updated 2026-05-06,agent;claude;JavaScript,Node.js/npm package; inspect README for npx/npm install command,"metadata + repository-surface review; verify README, package provenance, secrets/OAuth scopes, network/file-system access, and maintenance before publishing",candidate,GitHub topic/search + repository metadata,2026-05-06
mcp,mcp-windbg,Model Context Protocol for WinDBG,svnscha,https://github.com/topics/mcp-server,https://github.com/svnscha/mcp-windbg,MIT,GitHub stars 1268; forks 121; watchers 1268; updated 2026-05-06,copilot;copilot-chat;crash-dump;crash-reports;windbg;windbg-extension;Python,Python package; inspect README for uvx/pip install command,"metadata + repository-surface review; verify README, package provenance, secrets/OAuth scopes, network/file-system access, and maintenance before publishing",candidate,GitHub topic/search + repository metadata,2026-05-06
mcp,apple-docs-mcp,"MCP server for Apple Developer Documentation - Search iOS/macOS/SwiftUI/UIKit docs, WWDC videos, Swift/Objective-C APIs & code examples in Claude, Cursor & AI assistants",kimsungwhee,https://github.com/topics/mcp-server,https://github.com/kimsungwhee/apple-docs-mcp,MIT,GitHub stars 1247; forks 50; watchers 1247; updated 2026-05-06,ai-assistant;api-documentation;apple;apple-developer-docs-mcp;apple-developer-documentation;apple-docs-mcp;apple-documentation;claude,Node.js/npm package; inspect README for npx/npm install command,"metadata + repository-surface review; verify README, package provenance, secrets/OAuth scopes, network/file-system access, and maintenance before publishing",candidate,GitHub topic/search + repository metadata,2026-05-06
mcp,mysql_mcp_server,A Model Context Protocol (MCP) server that enables secure interaction with MySQL databases,designcomputer,https://github.com/topics/mcp-server,https://github.com/designcomputer/mysql_mcp_server,MIT,GitHub stars 1244; forks 234; watchers 1244; updated 2026-05-05,ai;mysql;Python,Python package; inspect README for uvx/pip install command,"metadata + repository-surface review; verify README, package provenance, secrets/OAuth scopes, network/file-system access, and maintenance before publishing",candidate,GitHub topic/search + repository metadata,2026-05-06
mcp,web-eval-agent,An MCP server that autonomously evaluates web applications.,refreshdotdev,https://github.com/topics/mcp-server,https://github.com/refreshdotdev/web-eval-agent,Apache-2.0,GitHub stars 1239; forks 108; watchers 1239; updated 2026-05-03,debugging;debugging-tool;playwright;qa;vibe-coding;vibe-testing;Python,Python package; inspect README for uvx/pip install command,"metadata + repository-surface review; verify README, package provenance, secrets/OAuth scopes, network/file-system access, and maintenance before publishing",candidate,GitHub topic/search + repository metadata,2026-05-06
mcp,mcp-golang,Write Model Context Protocol servers in few lines of go code. Docs at https://mcpgolang.com . Created by https://metoro.io,metoro-io,https://github.com/topics/mcp-server,https://github.com/metoro-io/mcp-golang,MIT,GitHub stars 1217; forks 120; watchers 1217; updated 2026-05-06,Go,Go module; inspect README for go install/build command,"metadata + repository-surface review; verify README, package provenance, secrets/OAuth scopes, network/file-system access, and maintenance before publishing",candidate,GitHub topic/search + repository metadata,2026-05-06
mcp,wenyan-mcp,文颜 MCP Server 可以让 AI 自动将 Markdown 文章排版后发布至微信公众号。,caol64,https://github.com/topics/mcp-server,https://github.com/caol64/wenyan-mcp,Apache-2.0,GitHub stars 1207; forks 132; watchers 1207; updated 2026-05-06,wechat;wenyan;JavaScript,Node.js/npm package; inspect README for npx/npm install command,"metadata + repository-surface review; verify README, package provenance, secrets/OAuth scopes, network/file-system access, and maintenance before publishing",candidate,GitHub topic/search + repository metadata,2026-05-06
mcp,mcpvault,A lightweight Model Context Protocol (MCP) server for safe Obsidian vault access,bitbonsai,https://github.com/topics/mcp-server,https://github.com/bitbonsai/mcpvault,unknown,GitHub stars 1204; forks 92; watchers 1204; updated 2026-05-06,Astro,Node.js/npm package; inspect README for npx/npm install command,"license requires manual review; metadata + repository-surface review; verify README, package provenance, secrets/OAuth scopes, network/file-system access, and maintenance before publishing",needs_review,GitHub topic/search + repository metadata,2026-05-06
mcp,ros-mcp-server,Connect AI models like Claude & GPT with robots using MCP and ROS.,robotmcp,https://github.com/topics/mcp-server,https://github.com/robotmcp/ros-mcp-server,Apache-2.0,GitHub stars 1203; forks 178; watchers 1203; updated 2026-05-05,ros;ros-mcp-server;ros2;ros2-mcp-server;Python,Python package; inspect README for uvx/pip install command,"metadata + repository-surface review; verify README, package provenance, secrets/OAuth scopes, network/file-system access, and maintenance before publishing",candidate,GitHub topic/search + repository metadata,2026-05-06
mcp,drawio-mcp-server,Draw.io Model Context Protocol (MCP) Server,lgazo,https://github.com/topics/mcp-server,https://github.com/lgazo/drawio-mcp-server,MIT,GitHub stars 1199; forks 108; watchers 1199; updated 2026-05-06,TypeScript,Node.js/npm package; inspect README for npx/npm install command,"metadata + repository-surface review; verify README, package provenance, secrets/OAuth scopes, network/file-system access, and maintenance before publishing",candidate,GitHub topic/search + repository metadata,2026-05-06
mcp,apify-mcp-server,"The Apify MCP server enables your AI agents to extract data from social media, search engines, maps, e-commerce sites, or any other website using thousands of ready-made scrapers, crawlers, and automation tools available on the Apify Store.",apify,https://github.com/topics/mcp-server,https://github.com/apify/apify-mcp-server,MIT,GitHub stars 1189; forks 162; watchers 1189; updated 2026-05-06,agents;ai;TypeScript,Node.js/npm package; inspect README for npx/npm install command,"metadata + repository-surface review; verify README, package provenance, secrets/OAuth scopes, network/file-system access, and maintenance before publishing",candidate,GitHub topic/search + repository metadata,2026-05-06
mcp,open-webSearch,"Multi-engine MCP server, CLI, and local daemon for agent web search and content retrieval — skill-guided workflows, no API keys.",Aas-ee,https://github.com/topics/mcp-server,https://github.com/Aas-ee/open-webSearch,Apache-2.0,GitHub stars 1141; forks 142; watchers 1141; updated 2026-05-06,TypeScript,Node.js/npm package; inspect README for npx/npm install command,"metadata + repository-surface review; verify README, package provenance, secrets/OAuth scopes, network/file-system access, and maintenance before publishing",candidate,GitHub topic/search + repository metadata,2026-05-06
mcp,Gearboy,"Game Boy / Game Boy Color / Super Game Boy emulator, debugger and embedded MCP server for macOS, Windows, Linux, BSD and RetroArch.",drhelius,https://github.com/topics/mcp-server,https://github.com/drhelius/Gearboy,GPL-3.0,GitHub stars 1126; forks 153; watchers 1126; updated 2026-05-05,bsd;emulation;emulator;game-boy;gameboy;gameboy-color-emulator;gameboy-emulator;libretro,"C++ project; install command unknown, inspect README/release docs","metadata + repository-surface review; verify README, package provenance, secrets/OAuth scopes, network/file-system access, and maintenance before publishing",candidate,GitHub topic/search + repository metadata,2026-05-06
mcp,js-reverse-mcp,为 AI Agent 设计的 JS 逆向 MCP Server，内置反检测，基于 chrome-devtools-mcp 重构 | JS reverse engineering MCP server with agent-first tool design and built-in anti-detection. Rebuilt from chrome-devtools-mcp.,zhizhuodemao,https://github.com/topics/mcp-server,https://github.com/zhizhuodemao/js-reverse-mcp,Apache-2.0,GitHub stars 1119; forks 180; watchers 1119; updated 2026-05-06,TypeScript,Node.js/npm package; inspect README for npx/npm install command,"metadata + repository-surface review; verify README, package provenance, secrets/OAuth scopes, network/file-system access, and maintenance before publishing",candidate,GitHub topic/search + repository metadata,2026-05-06
mcp,lean-ctx,"The Context OS for AI Development. Reduce token waste in Cursor, Claude Code, Copilot, Windsurf, Codex, Gemini & more by 60–95% (up to 99% on cached reads) Shell Hook + MCP Server · 49 tools · 10 read modes · 90+ patterns · Single Rust binary",yvgude,https://github.com/topics/mcp-server,https://github.com/yvgude/lean-ctx,Apache-2.0,GitHub stars 1100; forks 118; watchers 1100; updated 2026-05-06,agentic-coding;ai;ai-coding;claude-code;context-engineering;copilot;cursor;developer-tools,"Rust project; install command unknown, inspect README/release docs","metadata + repository-surface review; verify README, package provenance, secrets/OAuth scopes, network/file-system access, and maintenance before publishing",candidate,GitHub topic/search + repository metadata,2026-05-06
mcp,ref-tools-mcp,Helping coding agents never make mistakes working with public or private libraries without wasting the context window.,ref-tools,https://github.com/topics/mcp-server,https://github.com/ref-tools/ref-tools-mcp,MIT,GitHub stars 1098; forks 68; watchers 1098; updated 2026-05-06,coding-agent;documentation-tool;TypeScript,Node.js/npm package; inspect README for npx/npm install command,"metadata + repository-surface review; verify README, package provenance, secrets/OAuth scopes, network/file-system access, and maintenance before publishing",candidate,GitHub topic/search + repository metadata,2026-05-06
mcp,duckduckgo-mcp-server,"A Model Context Protocol (MCP) server that provides web search capabilities through DuckDuckGo, with additional features for content fetching and parsing.",nickclyde,https://github.com/topics/mcp-server,https://github.com/nickclyde/duckduckgo-mcp-server,MIT,GitHub stars 1081; forks 163; watchers 1081; updated 2026-05-06,Python,Python package; inspect README for uvx/pip install command,"metadata + repository-surface review; verify README, package provenance, secrets/OAuth scopes, network/file-system access, and maintenance before publishing",candidate,GitHub topic/search + repository metadata,2026-05-06
mcp,jupyter-mcp-server,🪐 🔧 Model Context Protocol (MCP) Server for Jupyter.,datalayer,https://github.com/topics/mcp-server,https://github.com/datalayer/jupyter-mcp-server,BSD-3-Clause,GitHub stars 1069; forks 159; watchers 1069; updated 2026-05-06,ai;jupyter;tools;Python,Python package; inspect README for uvx/pip install command,"metadata + repository-surface review; verify README, package provenance, secrets/OAuth scopes, network/file-system access, and maintenance before publishing",candidate,GitHub topic/search + repository metadata,2026-05-06
mcp,webclaw,"Fast, local-first web content extraction for LLMs. Scrape, crawl, extract structured data — all from Rust. CLI, REST API, and MCP server.",0xMassi,https://github.com/topics/mcp-server,https://github.com/0xMassi/webclaw,AGPL-3.0,GitHub stars 1055; forks 120; watchers 1055; updated 2026-05-06,ai;ai-agents;ai-scraping;cli;crawler;data-extraction;firecrawl-alternative;html-to-markdown,Rust crate; inspect README for cargo install/build command,"metadata + repository-surface review; verify README, package provenance, secrets/OAuth scopes, network/file-system access, and maintenance before publishing",candidate,GitHub topic/search + repository metadata,2026-05-06
mcp,keeper.sh,"Calendar sync tool & universal calendar MCP server. Aggregate, sync and control calendars on Google, Outlook, Office 365, iCloud, CalDAV or ICS.",ridafkih,https://github.com/topics/mcp-server,https://github.com/ridafkih/keeper.sh,AGPL-3.0,GitHub stars 1048; forks 31; watchers 1048; updated 2026-05-06,bun;caldav;calendar;calendar-sync;google-calendar;ical;icloud;ics,Node.js/npm package; inspect README for npx/npm install command,"metadata + repository-surface review; verify README, package provenance, secrets/OAuth scopes, network/file-system access, and maintenance before publishing",candidate,GitHub topic/search + repository metadata,2026-05-06
mcp,RedNote-MCP,"🚀MCP server for accessing RedNote(XiaoHongShu, xhs).",iFurySt,https://github.com/topics/mcp-server,https://github.com/iFurySt/RedNote-MCP,MIT,GitHub stars 1047; forks 172; watchers 1047; updated 2026-05-06,ai;rednote;rednote-mcp;xhs;xhs-mcp;TypeScript,Node.js/npm package; inspect README for npx/npm install command,"metadata + repository-surface review; verify README, package provenance, secrets/OAuth scopes, network/file-system access, and maintenance before publishing",candidate,GitHub topic/search + repository metadata,2026-05-06
mcp,fetcher-mcp,MCP server for fetch web page content using Playwright headless browser.,jae-jae,https://github.com/topics/mcp-server,https://github.com/jae-jae/fetcher-mcp,MIT,GitHub stars 1044; forks 94; watchers 1044; updated 2026-05-06,ai;playwright;TypeScript,Node.js/npm package; inspect README for npx/npm install command,"metadata + repository-surface review; verify README, package provenance, secrets/OAuth scopes, network/file-system access, and maintenance before publishing",candidate,GitHub topic/search + repository metadata,2026-05-06
mcp,mcp-server-chatsum,Query and Summarize your chat messages.,chatmcp,https://github.com/topics/mcp-server,https://github.com/chatmcp/mcp-server-chatsum,unknown,GitHub stars 1034; forks 100; watchers 1034; updated 2026-05-06,chatbot;chatsum;TypeScript,Node.js/npm package; inspect README for npx/npm install command,"license requires manual review; metadata + repository-surface review; verify README, package provenance, secrets/OAuth scopes, network/file-system access, and maintenance before publishing",needs_review,GitHub topic/search + repository metadata,2026-05-06
mcp,mongodb-mcp-server,A Model Context Protocol server to connect to MongoDB databases and MongoDB Atlas Clusters.,mongodb-js,https://github.com/topics/mcp-server,https://github.com/mongodb-js/mongodb-mcp-server,Apache-2.0,GitHub stars 1014; forks 240; watchers 1014; updated 2026-05-06,mongodb;mongodb-atlas;mongodb-database;TypeScript,Node.js/npm package; inspect README for npx/npm install command,"metadata + repository-surface review; verify README, package provenance, secrets/OAuth scopes, network/file-system access, and maintenance before publishing",candidate,GitHub topic/search + repository metadata,2026-05-06
mcp,MCPJungle,One place to manage all your MCP servers,mcpjungle,https://github.com/topics/mcp-server,https://github.com/mcpjungle/MCPJungle,MPL-2.0,GitHub stars 999; forks 132; watchers 999; updated 2026-05-06,ai-agents;infrastructure;mcp-gateway;mcp-registry;self-hosted;Go,Go module; inspect README for go install/build command,"metadata + repository-surface review; verify README, package provenance, secrets/OAuth scopes, network/file-system access, and maintenance before publishing",candidate,GitHub topic/search + repository metadata,2026-05-06
mcp,brave-search-mcp-server,unknown,brave,https://github.com/topics/mcp-server,https://github.com/brave/brave-search-mcp-server,MIT,GitHub stars 987; forks 154; watchers 987; updated 2026-05-06,TypeScript,Node.js/npm package; inspect README for npx/npm install command,"metadata + repository-surface review; verify README, package provenance, secrets/OAuth scopes, network/file-system access, and maintenance before publishing",needs_review,GitHub topic/search + repository metadata,2026-05-06
mcp,better-icons,Skill and MCP server for searching and retrieving icons,better-auth,https://github.com/topics/mcp-server,https://github.com/better-auth/better-icons,MIT,GitHub stars 987; forks 45; watchers 987; updated 2026-05-06,TypeScript,Node.js/npm package; inspect README for npx/npm install command,"metadata + repository-surface review; verify README, package provenance, secrets/OAuth scopes, network/file-system access, and maintenance before publishing",candidate,GitHub topic/search + repository metadata,2026-05-06
mcp,davinci-resolve-mcp,MCP server integration for DaVinci Resolve,samuelgursky,https://github.com/topics/mcp-server,https://github.com/samuelgursky/davinci-resolve-mcp,MIT,GitHub stars 975; forks 113; watchers 975; updated 2026-05-06,blackmagic;blackmagic-design;blackmagicdesign;davinci-resolve;davinciresolve;Python,"Python project; install command unknown, inspect README/release docs","metadata + repository-surface review; verify README, package provenance, secrets/OAuth scopes, network/file-system access, and maintenance before publishing",candidate,GitHub topic/search + repository metadata,2026-05-06
